Protein_Change,HGVS_c,hg38_pos,hg38_ref,hg38_alt,MAVE_Score,MAVE_Class,ClinVar_Classification,VCV,Star_Rating,KURIS_ClinVar_SCVs,Other_ClinVar_SCVs,Kury_et_al,Kaplanis,DECIPHER,Inclusion_Basis
p.Ser10Arg,c.28A>C,52409851,T,G,-0.162408606,Abnormal,,,,,,,,Patient 534278 (Pathogenic; 46XY; De novo (parentage confirmed)) [Bifid uvula; Broad eyebrow; Disproportionate short stature; Intellectual disability; Osteoporosis],P/LP in DECIPHER
p.Ser10Gly,c.28A>G,52409850,T,C,,,Likely pathogenic,VCV003377067,1.0,"SCV005399747: LP, VCGS, 2024-10-09 [affected: yes; Based on the classification scheme VCGS_Germline_v1.3.4, this variant is classified as Likely pathogenic]",,,,,P/LP for NDD/KURIS in ClinVar
p.Pro12Thr,c.34C>A,52409844,G,T,-0.135425214,Abnormal,Pathogenic,VCV001064792,0.0,"SCV001572228: P, Cond: Neurodevelopmental disorder, MedGenet, 2021-06-22 [de novo; affected: yes]; SCV002098941: P, Cond: KURY-ISIDOR SYNDROME, OMIM, 2022-02-24",,F1 (Sex: female; Age_at_last_investigation: 10 years; Developmental_delay_or_ID: +; Seizures: +; Behavioral_anomalies: +; ADHD; Facial_dysmorphism: +),,,Present in Kury et al. 2022
p.Pro12Ala,c.34C>G,52409844,G,C,-0.152002451,Abnormal,Likely pathogenic,VCV001173077,1.0,"SCV001738368: P, Cond: Neurodevelopmental disorder, MedGenet, 2021-06-22 [de novo; affected: yes]; SCV002098942: P, Cond: KURY-ISIDOR SYNDROME, OMIM, 2022-02-24","SCV002013662: LP, GeneDx, 2022-03-02 [affected: yes; Published functional studies are inconclusive: deubiquitinase activity and subcellular localization comparable to wild-type, but impaired transciptional regulation (Kry 2022); In silico analysis, which includes protein predictors and evolutionary conservation, supports a deleterious effect; Not observed at significant frequency in large population cohorts (gnomAD); This variant is associated with the following publications: (PMID: 35051358)]",F2 (Sex: male; Age_at_last_investigation: 3 years; Developmental_delay_or_ID: +; Behavioral_anomalies: +; ASD; Cardiac_anomalies: +; Eye_anomalies: +; Hands: +; Facial_dysmorphism: +; Other_recurrent_signs: hearing loss),,,Present in Kury et al. 2022
p.Glu31Lys,c.91G>A,52409584,C,T,,,Conflicting classifications of pathogenicity,VCV001173078,1.0,"SCV001738369: P, Cond: Neurodevelopmental disorder, MedGenet, 2021-06-22 [de novo; affected: yes]","SCV002599838: LP, GeneDx, 2022-04-30 [affected: yes; In silico analysis supports that this missense variant has a deleterious effect on protein structure/function; Not observed at significant frequency in large population cohorts (gnomAD); This variant is associated with the following publications: (PMID: 28213671, 35051358)]; SCV003525331: VUS, Invitae, 2024-01-21 [This sequence change replaces glutamic acid, which is acidic and polar, with lysine, which is basic and polar, at codon 31 of the BAP1 protein (p.Glu31Lys). This variant is not present in population databases (gnomAD no frequency). This variant has not been reported in the literature in individuals affected with BAP1-related conditions. ClinVar contains an entry for this variant (Variation ID: 1173078). Advanced modeling of protein sequence and biophysical properties (such as structural, functional, and spatial information, amino acid conservation, physicochemical variation, residue mobility, and thermodynamic stability) performed at Invitae indicates that this missense variant is expected to disrupt BAP1 protein function with a positive predictive value of 80%. In summary, the available evidence is currently insufficient to determine the role of this variant in disease. Therefore, it has been classified as a Variant of Uncertain Significance.]",F3 (Sex: female; Age_at_last_investigation: 14 years; Growth_failure: +; Developmental_delay_or_ID: +; mild; Behavioral_anomalies: +; ADHD; Cardiac_anomalies: +; Eye_anomalies: +; Feeding_difficulties: +; Facial_dysmorphism: +; Other_recurrent_signs: frequent otitis),,,Present in Kury et al. 2022
p.Tyr33Ser,c.98A>C,52409578,T,G,-0.071735567,Abnormal,,,,,,,DDD13k.07819 (DDD),Patient 272983 (Likely pathogenic; 46XX; De novo (parentage confirmed); ACMG: PM2;PP3;PS2) [Aggressive behavior; Cafe-au-lait spot; Downturned corners of mouth; High palate; Long philtrum; Low posterior hairline; Short neck; Specific learning disability; Triphalangeal thumb],P/LP in DECIPHER
p.Leu49Pro,c.146T>C,52408582,A,G,,,Likely pathogenic,VCV001173079,1.0,"SCV001738370: P, Cond: Neurodevelopmental disorder, MedGenet, 2021-06-22 [de novo; affected: yes]","SCV003915265: LP, GeneDx, 2022-09-28 [affected: yes; Not observed at significant frequency in large population cohorts (gnomAD); In silico analysis supports that this missense variant has a deleterious effect on protein structure/function; This variant is associated with the following publications: (PMID: 35051358)]",F4 (Sex: male; Age_at_last_investigation: 6 years; Growth_failure: +; Developmental_delay_or_ID: +; Behavioral_anomalies: +; ASD; Hands: +; Facial_dysmorphism: +; Other_recurrent_signs: hypertrichosis),,,Present in Kury et al. 2022
p.Arg59Gln,c.176G>A,52408552,C,T,0.010065746,Not specified,Conflicting classifications of pathogenicity,VCV001320722,1.0,"SCV006586709: LP, IMGAG, 2025-10-24 [de novo; affected: yes; clinical features: Telecanthus, Myopia, Atypical behavior, Intellectual disability, Global developmental delay]","SCV002112247: VUS, Invitae, 2021-08-23 [In summary, the available evidence is currently insufficient to determine the role of this variant in disease. Therefore, it has been classified as a Variant of Uncertain Significance. Algorithms developed to predict the effect of missense changes on protein structure and function are either unavailable or do not agree on the potential impact of this missense change (SIFT: ""Deleterious""; PolyPhen-2: ""Probably Damaging""; Align-GVGD: ""Class C0""). This variant has not been reported in the literature in individuals affected with BAP1-related conditions. This variant is not present in population databases (ExAC no frequency). This sequence change replaces arginine with glutamine at codon 59 of the BAP1 protein (p.Arg59Gln). The arginine residue is highly conserved and there is a small physicochemical difference between arginine and glutamine.]; SCV002013461: P, GeneDx, 2025-07-15 [affected: yes; Has not been previously published as pathogenic or benign to our knowledge; In silico analysis supports that this missense variant has a deleterious effect on protein structure/function; Not observed at significant frequency in large population cohorts (gnomAD)]",,,,P/LP for NDD/KURIS in ClinVar
p.Arg59Pro,c.176G>C,52408552,C,G,0.000595509,Normal,Pathogenic,VCV001173080,1.0,"SCV001738371: P, Cond: Neurodevelopmental disorder, MedGenet, 2021-06-22 [de novo; affected: yes]","SCV005882162: P, GeneDx, 2024-09-05 [affected: yes; In silico analysis supports that this missense variant has a deleterious effect on protein structure/function; Not observed at significant frequency in large population cohorts (gnomAD); Has not been previously published as pathogenic or benign to our knowledge; This variant is associated with the following publications: (PMID: 35051358)]",,,Patient 550703 (Likely pathogenic; 46XX; De novo (parentage confirmed)),P/LP for NDD/KURIS in ClinVar
p.Arg60Gln,c.179G>A,52408549,C,T,,,Conflicting classifications of pathogenicity,VCV000489626,1.0,"SCV006277912: LP, IMGAG, 2025-07-10 [affected: yes; clinical features: Low frustration tolerance, Delayed speech and language development, Hypertrichosis, Global developmental delay, Motor delay, Small for gestational age, Short stature, Attention deficit hyperactivity disorder, Feeding difficulties in infancy, Neurodevelopmental delay, Difficulty walking on uneven ground, Hand flapping]","SCV000682599: VUS, Cond: Hereditary cancer-predisposing syndrome, Color, 2019-02-28; SCV000820545: VUS, Invitae, 2023-10-29 [This sequence change replaces arginine, which is basic and polar, with glutamine, which is neutral and polar, at codon 60 of the BAP1 protein (p.Arg60Gln). This variant is not present in population databases (gnomAD no frequency). This variant has not been reported in the literature in individuals affected with BAP1-related conditions. ClinVar contains an entry for this variant (Variation ID: 489626). Advanced modeling of protein sequence and biophysical properties (such as structural, functional, and spatial information, amino acid conservation, physicochemical variation, residue mobility, and thermodynamic stability) performed at Invitae indicates that this missense variant is expected to disrupt BAP1 protein function with a positive predictive value of 80%. In summary, the available evidence is currently insufficient to determine the role of this variant in disease. Therefore, it has been classified as a Variant of Uncertain Significance.]; SCV007099017: VUS, GeneDx, 2025-04-21 [affected: yes; Not observed at significant frequency in large population cohorts (gnomAD); In silico analysis supports that this missense variant has a deleterious effect on protein structure/function; Has not been previously published as pathogenic or benign germline variant to our knowledge; This variant is associated with the following publications: (PMID: 22958294)]",,,,P/LP for NDD/KURIS in ClinVar
p.Cys91Arg,c.271T>C,52408061,A,G,,,Conflicting classifications of pathogenicity,VCV000988095,1.0,"SCV001738374: P, Cond: Neurodevelopmental disorder, MedGenet, 2021-06-22 [de novo; affected: yes]; SCV002098943: P, Cond: KURY-ISIDOR SYNDROME, OMIM, 2022-02-24; SCV003921047: P, UKL, 2023-02-20 [de novo; affected: yes; ACMG: PP3; This variant was identified as de novo (maternity and paternity confirmed)._x000D_ Criteria applied: PS2_VSTR, PM5_STR, PS4_MOD, PM2_SUP, PP3]; SCV001449490: VUS, Cond: BAP1-associated neurodevelopmental disorder, UDN, 2020-06-12 [de novo; affected: yes; clinical features: Square face, Pilomatrixoma, Nystagmus, Hypertrichosis, Severe Myopia, Growth delay, Global developmental delay, Generalized hypotonia, Fused teeth, Focal seizures, Exudative retinopathy, Dysphagia, Broad-based gait, Brachycephaly, Anteverted nares, Abnormality of the pinna]; SCV004801702: P, Cond: see cases, IHG, 2023-12-13 [affected: yes; clinical features: Global developmental delay, Microcephaly, Poor speech, Infantile muscular hypotonia, Single transverse palmar crease; ACMG: BP1;PM1;PM2;PM5;PP3;PS4; ACMG categories: PS4,PM1,PM2,PM5,PP3,BP1]","SCV002777666: VUS, Cond: ;, Fulgent Genetics, 2021-10-04; SCV002028358: not provided, GenomeConnect [de novo; clinical features: Prenatal maternal abnormality, Short stature, Abnormal facial shape, Abnormal oral cavity morphology, Oral-pharyngeal dysphagia, Abnormality of eye movement, Abnormality of vision, Myopia, Abnormal retinal morphology, Abnormality of the nervous system, Cognitive impairment, Generalized hypotonia, Seizures, Short attention span, Abnormality of the facial skeleton, Abnormal muscle tone, Abnormal pattern of respiration, Feeding difficulties, Abnormal esophagus morphology, Abnormal large intestine morphology, Recurrent infections, Abnormal dental morphology, Progressive joint destruction; Variant interpreted as Uncertain significance and reported on 02-06-2020 by Lab or GTR ID 1006. GenomeConnect assertions are reported exactly as they appear on the patient-provided report from the testing laboratory. GenomeConnect staff make no attempt to reinterpret the clinical significance of the variant. | Uncertain significance]",F7 (Sex: male; Age_at_last_investigation: 1 years 11 months; Growth_failure: +; Developmental_delay_or_ID: +; Facial_dysmorphism: +; Other_recurrent_signs: recurrent otitis); F8 (Sex: female; Age_at_last_investigation: 4 years; Growth_failure: +; Developmental_delay_or_ID: +; Seizures: +; Behavioral_anomalies: +; Eye_anomalies: +; Feeding_difficulties: +; Facial_dysmorphism: +),,,Present in Kury et al. 2022
p.Cys91Gly,c.271T>G,52408061,A,C,,,Uncertain significance,VCV001173082,1.0,"SCV001738373: P, Cond: Neurodevelopmental disorder, MedGenet, 2021-06-22 [de novo; affected: yes]","SCV002743592: VUS, Ambry Genetics, 2021-09-14 [The p.C91G variant (also known as c.271T>G), located in coding exon 5 of the BAP1 gene, results from a T to G substitution at nucleotide position 271. The cysteine at codon 91 is replaced by glycine, an amino acid with highly dissimilar properties. This amino acid position is highly conserved in available vertebrate species. In addition, this alteration is predicted to be deleterious by in silico analysis. Since supporting evidence is limited at this time, the clinical significance of this alteration remains unclear.]",F6 (Sex: female; Age_at_last_investigation: 15 years; Growth_failure: +; Developmental_delay_or_ID: +; severe; Behavioral_anomalies: +; ASD; Eye_anomalies: +; Hands: +; Feet: +; Feeding_difficulties: +; Facial_dysmorphism: +; Other_recurrent_signs: hypertrichosis),,,Present in Kury et al. 2022
p.Cys91Ser,c.272G>C,52408060,C,G,,,Pathogenic,VCV001173081,1.0,"SCV001738372: P, Cond: Neurodevelopmental disorder, MedGenet, 2021-06-22 [de novo; affected: yes]","SCV005373284: P, GeneDx, 2024-04-06 [affected: yes; In silico analysis supports that this missense variant has a deleterious effect on protein structure/function; Not observed at significant frequency in large population cohorts (gnomAD); This variant is associated with the following publications: (PMID: 35051358, 33057194, 35982159)]",F5 (Sex: female; Age_at_last_investigation: 11 years 5 months; Growth_failure: +; Developmental_delay_or_ID: +; severe; Seizures: +; Urogenital_kidney_anomalies: +; Feet: +; Facial_dysmorphism: +; Other_recurrent_signs: hypertrichosis),44493 (GDX),,Present in Kury et al. 2022
p.Ala92Val,c.275C>T,52408057,G,A,,,Pathogenic/Likely pathogenic,VCV002681785,2.0,"SCV005420942: LP, IMGAG, 2024-12-09 [affected: yes; clinical features: Strabismus, Irritability, Delayed speech and language development, Global developmental delay, Motor delay, Disproportionate short stature, Pain insensitivity, Thinning of lateral eyebrow, Recurrent hand flapping, Self-injurious behavior]","SCV004218546: P, IoHGE, 2024-01-02 [affected: yes; ACMG: PM1;PM2;PP2;PP3;PS2; This variant has been identified by standard clinical testing. Selected ACMG criteria: Pathogenic (III):PP3;PP2;PM2;PM1;PS2]",,,,P/LP for NDD/KURIS in ClinVar
p.His169Arg,c.506A>G,52407247,T,C,,,Conflicting classifications of pathogenicity,VCV001173083,1.0,"SCV001738375: P, Cond: Neurodevelopmental disorder, MedGenet, 2021-06-22 [de novo; affected: yes]; SCV002098944: P, Cond: KURY-ISIDOR SYNDROME, OMIM, 2022-02-24 [Patient 9 was a 16-year-old boy with mild developmental delay, behavioral problems noted as sensitivity, seizures, distal skeletal anomalies, and patchy alopecia. He also carried biallelic variants in the NCSTN gene (605254). Patient 10 was an 8-year-old girl with mild global developmental delay, poor speech, a history of seizures, behavioral abnormalities, and mild dysmorphic features]","SCV002013958: VUS, GeneDx, 2020-06-24 [affected: yes; In silico analysis supports that this missense variant has a deleterious effect on protein structure/function; Not observed in large population cohorts (Lek et al., 2016); Has not been previously published as pathogenic or benign to our knowledge; Variants in candidate genes are classified as variants of uncertain significance in accordance with ACMG guidelines (Richards et al., 2015)]; SCV006098332: P, CHGT, 2025-05-01 [affected: yes; ACMG: PM1;PM2;PP2;PP3;PS2;PS3; BAP1: PS2, PM2, PM1:Supporting, PP2, PP3, PS3:Supporting]",F9 (Sex: male; Age_at_last_investigation: 16 years; Growth_failure: +; Developmental_delay_or_ID: +; Seizures: +; Behavioral_anomalies: +; Hands: +; Feet: +; Facial_dysmorphism: +; Other_recurrent_signs: hearing loss); F10 (Sex: female; Age_at_last_investigation: 8 years 4 months; Growth_failure: +; Developmental_delay_or_ID: +; Seizures: +; Behavioral_anomalies: +; Cardiac_anomalies: +; VSD; Eye_anomalies: +; Urogenital_kidney_anomalies: +; Feeding_difficulties: +; Facial_dysmorphism: +),,,Present in Kury et al. 2022
p.His169Gln,c.507C>G,52407246,G,C,,,Likely pathogenic,VCV003132975,1.0,"SCV004911795: LP, Ambry Genetics, 2023-11-20 [This alteration results from a C to G substitution at nucleotide position 507, causing the histidine at amino acid position 169 to be replaced by a glutamine for BAP1-related neurodevelopmental disorder; however, its clinical significance for BAP1-related tumor predisposition syndrome is uncertain. This variant was not reported in population-based cohorts in gnomAD. Another alteration at the same codon, c.506A>G (p.H169R), has been detected as de novo in two individuals with a syndromic form of intellectual disability and/or developmental delay (Kury, 2022).]",,,,,P/LP for NDD/KURIS in ClinVar
p.Asn229Lys,c.687C>A,52406348,G,T,0.00165034,Normal,Likely pathogenic,VCV002429331,2.0,"SCV003799185: LP, IHG-UKRWTH, 2023-02-09 [de novo; affected: yes; To our knowledge, the variant has not yet been described in the literature. Küry S. et al. (2022) describe 11 individuals with a similar phenotype to our patient with de novo missense variants in BAP1, which are also located d in a protein domain that encodes for a ubiquitin carboxyl-terminal hydrolase (peptidase C12) and the papain-like cysteine ​​peptidase superfamily. Functional studies of these variants show that they alter chromatin remodeling through abnormal histone ubiquitination and result in transcriptional dysregulation of developmental genes. (PMID: 35051358) These findings suggest that this could also lead to defective histone ubiquitination in the variant described here.]; SCV006550944: LP, UDN, 2025-06-11 [de novo; affected: yes; clinical features: Hearing impairment, Short neck, Cataract, Retinal detachment, Leukocoria, Microphthalmia, Shallow anterior chamber, Brachydactyly, Global developmental delay, Sandal gap, Bilateral retinal detachment, Hallux valgus]",,,DDD13k.05634 (DDD),Patient 264575 (46XY; De novo (parentage confirmed)) [3-4 finger osseus syndactyly; Abnormal forehead morphology; Abnormal nail morphology; Broad forehead; Cutaneous finger syndactyly; Delayed gross motor development; Delayed speech and language development; Global developmental delay; Hypermetropia; Microdontia; Short stature; Upslanted palpebral fissure],P/LP for NDD/KURIS in ClinVar
p.Arg718Gln,c.2153G>A,52402324,C,T,0.004099673,Normal,Uncertain significance,VCV001173084,2.0,"SCV001738376: P, Cond: Neurodevelopmental disorder, MedGenet, 2021-06-22 [de novo; affected: yes]","SCV004213163: VUS, BCM: BMGL, 2023-10-30; SCV003284341: VUS, Invitae, 2024-07-16 [This sequence change replaces arginine, which is basic and polar, with glutamine, which is neutral and polar, at codon 718 of the BAP1 protein (p.Arg718Gln). The frequency data for this variant in the population databases is considered unreliable, as metrics indicate poor data quality at this position in the gnomAD database. This variant has not been reported in the literature in individuals affected with BAP1-related conditions. ClinVar contains an entry for this variant (Variation ID: 1173084). Advanced modeling of protein sequence and biophysical properties (such as structural, functional, and spatial information, amino acid conservation, physicochemical variation, residue mobility, and thermodynamic stability) performed at Invitae indicates that this missense variant is expected to disrupt BAP1 protein function with a positive predictive value of 80%. In summary, the available evidence is currently insufficient to determine the role of this variant in disease. Therefore, it has bee]",F11 (Sex: female; Age_at_last_investigation: 12 years 1 month; Growth_failure: +; Developmental_delay_or_ID: +; Seizures: +; Behavioral_anomalies: +; ADHD),,,Present in Kury et al. 2022
