Gene Symbol	HGNC Gene ID	Variant Category	HGVS g. (GRCh38)	HGVS c.	HGVS p.	Domain	SGE Functional Score	SGE Functional Classification	SGE Evidence (this study)	ClinVar Classification (Aggregate Germline)	ClinVar Accession	ClinVar Review Status (stars)
BAP1	HGNC:950	KURIS/NDD (proband)	NC_000003.12:g.52406349G>T	NM_004656.4:c.687C>A	NP_004647.1:p.Asn229Lys	UCH	-0.2001695	Abnormal	PS3 Strong	Likely pathogenic	VCV002429331	2.0
BAP1	HGNC:950	KURIS/NDD	NC_000003.12:g.52409585C>T	NM_004656.4:c.91G>A	NP_004647.1:p.Glu31Lys	UCH	-0.200824172	Abnormal	PS3 Strong	Conflicting classifications of pathogenicity	VCV001173078	1.0
BAP1	HGNC:950	KURIS/NDD	NC_000003.12:g.52408061C>G	NM_004656.4:c.272G>C	NP_004647.1:p.Cys91Ser	UCH	-0.176975473	Abnormal	PS3 Strong	Pathogenic	VCV001173081	1.0
BAP1	HGNC:950	KURIS/NDD	NC_000003.12:g.52407247G>C	NM_004656.4:c.507C>G	NP_004647.1:p.His169Gln	UCH	-0.1688213	Abnormal	PS3 Strong	Likely pathogenic	VCV003132975	1.0
BAP1	HGNC:950	KURIS/NDD	NC_000003.12:g.52409851T>G	NM_004656.4:c.28A>C	NP_004647.1:p.Ser10Arg	UCH	-0.162408606	Abnormal	PS3 Strong			
BAP1	HGNC:950	KURIS/NDD	NC_000003.12:g.52408062A>C	NM_004656.4:c.271T>G	NP_004647.1:p.Cys91Gly	UCH	-0.160607177	Abnormal	PS3 Strong	Uncertain significance	VCV001173082	1.0
BAP1	HGNC:950	KURIS/NDD	NC_000003.12:g.52407248T>C	NM_004656.4:c.506A>G	NP_004647.1:p.His169Arg	UCH	-0.1372923	Abnormal	PS3 Strong	Conflicting classifications of pathogenicity	VCV001173083	1.0
BAP1	HGNC:950	KURIS/NDD	NC_000003.12:g.52409845G>T	NM_004656.4:c.34C>A	NP_004647.1:p.Pro12Thr	UCH	-0.137253385	Abnormal	PS3 Strong	Pathogenic	VCV001064792	0.0
BAP1	HGNC:950	KURIS/NDD	NC_000003.12:g.52408062A>G	NM_004656.4:c.271T>C	NP_004647.1:p.Cys91Arg	UCH	-0.135136829	Abnormal	PS3 Strong	Conflicting classifications of pathogenicity	VCV000988095	1.0
BAP1	HGNC:950	KURIS/NDD	NC_000003.12:g.52408583A>G	NM_004656.4:c.146T>C	NP_004647.1:p.Leu49Pro	UCH	-0.134808835	Abnormal	PS3 Strong	Likely pathogenic	VCV001173079	1.0
BAP1	HGNC:950	KURIS/NDD	NC_000003.12:g.52408553C>G	NM_004656.4:c.176G>C	NP_004647.1:p.Arg59Pro	UCH	-0.102311315	Abnormal	PS3 Strong	Pathogenic	VCV001173080	1.0
BAP1	HGNC:950	KURIS/NDD	NC_000003.12:g.52409845G>C	NM_004656.4:c.34C>G	NP_004647.1:p.Pro12Ala	UCH	-0.07773922	Abnormal	PS3 Strong	Likely pathogenic	VCV001173077	1.0
BAP1	HGNC:950	KURIS/NDD	NC_000003.12:g.52409578T>G	NM_004656.4:c.98A>C	NP_004647.1:p.Tyr33Ser	UCH	-0.071735567	Abnormal	PS3 Strong			
BAP1	HGNC:950	KURIS/NDD	NC_000003.12:g.52408058G>A	NM_004656.4:c.275C>T	NP_004647.1:p.Ala92Val	UCH	-0.061896707	Abnormal	PS3 Strong	Pathogenic/Likely pathogenic	VCV002681785	2.0
BAP1	HGNC:950	KURIS/NDD	NC_000003.12:g.52409851T>C	NM_004656.4:c.28A>G	NP_004647.1:p.Ser10Gly	UCH	-0.056445873	Abnormal	PS3 Strong	Likely pathogenic	VCV003377067	1.0
BAP1	HGNC:950	KURIS/NDD	NC_000003.12:g.52408550C>T	NM_004656.4:c.179G>A	NP_004647.1:p.Arg60Gln	UCH	-0.018285555	Normal	BS3 Moderate	Conflicting classifications of pathogenicity	VCV000489626	1.0
BAP1	HGNC:950	KURIS/NDD	NC_000003.12:g.52402325C>T	NM_004656.4:c.2153G>A	NP_004647.1:p.Arg718Gln	BRCA1-binding	0.00336388	Normal	BS3 Moderate	Uncertain significance	VCV001173084	2.0
BAP1	HGNC:950	KURIS/NDD	NC_000003.12:g.52408553C>T	NM_004656.4:c.176G>A	NP_004647.1:p.Arg59Gln	UCH	0.007149731	Normal	BS3 Moderate	Conflicting classifications of pathogenicity	VCV001320722	1.0
BAP1	HGNC:950	Cancer predisposition (ClinVar P/LP)	NC_000003.12:g.52409848C>G	NM_004656.4:c.31G>C	NP_004647.1:p.Asp11His	UCH	-0.217173758	Abnormal		Likely pathogenic	VCV000823162	1.0
BAP1	HGNC:950	Cancer predisposition (ClinVar P/LP)	NC_000003.12:g.52406884A>G	NM_004656.4:c.604T>C	NP_004647.1:p.Trp202Arg	UCH	-0.1782793	Abnormal		Pathogenic/Likely pathogenic	VCV001399300	2.0
BAP1	HGNC:950	Cancer predisposition (ClinVar P/LP)	NC_000003.12:g.52406882C>G	NM_004656.4:c.606G>C	NP_004647.1:p.Trp202Cys	UCH	-0.1752316	Abnormal		Likely pathogenic	VCV002450417	1.0
BAP1	HGNC:950	Cancer predisposition (ClinVar P/LP)	NC_000003.12:g.52408596C>T	NM_004656.4:c.133G>A	NP_004647.1:p.Gly45Arg	UCH	-0.153450153	Abnormal		Likely pathogenic	VCV000485289	2.0
BAP1	HGNC:950	Cancer predisposition (ClinVar P/LP)	NC_000003.12:g.52407958C>G	NM_004656.4:c.375G>C	NP_004647.1:p.Glu125Asp	UCH	-0.145957072	Abnormal		Likely pathogenic	VCV003477532	1.0
BAP1	HGNC:950	Cancer predisposition (ClinVar P/LP)	NC_000003.12:g.52407399C>G	NM_004656.4:c.437G>C	NP_004647.1:p.Arg146Thr	UCH	-0.1440443	Abnormal		Likely pathogenic	VCV001698836	2.0
BAP1	HGNC:950	Cancer predisposition (ClinVar P/LP)	NC_000003.12:g.52402643T>C	NM_004656.4:c.2015A>G	NP_004647.1:p.Asp672Gly	ULD	-0.1397372	Abnormal		Likely pathogenic	VCV002626728	1.0
BAP1	HGNC:950	Cancer predisposition (ClinVar P/LP)	NC_000003.12:g.52407415G>A	NM_004656.4:c.421C>T	NP_004647.1:p.His141Tyr	UCH	-0.1396164	Abnormal		Likely pathogenic	VCV001738816	1.0
BAP1	HGNC:950	Cancer predisposition (ClinVar P/LP)	NC_000003.12:g.52407454C>T	NM_004656.4:c.382G>A	NP_004647.1:p.Gly128Arg	UCH	-0.1360249	Abnormal		Pathogenic	VCV004075813	1.0
BAP1	HGNC:950	Cancer predisposition (ClinVar P/LP)	NC_000003.12:g.52403437G>C	NM_004656.4:c.1708C>G	NP_004647.1:p.Leu570Val	Other	-0.1218035	Abnormal		Pathogenic/Likely pathogenic	VCV001778494	2.0
BAP1	HGNC:950	Cancer predisposition (ClinVar P/LP)	NC_000003.12:g.52407215A>G	NM_004656.4:c.539T>C	NP_004647.1:p.Leu180Pro	UCH	-0.1191091	Abnormal		Likely pathogenic	VCV003477629	1.0
BAP1	HGNC:950	Cancer predisposition (ClinVar P/LP)	NC_000003.12:g.52406902A>G	NM_004656.4:c.586T>C	NP_004647.1:p.Trp196Arg	UCH	-0.1159339	Abnormal		Likely pathogenic	VCV004294247	1.0
BAP1	HGNC:950	ClinVar B/LB (control)	NC_000003.12:g.52403199C>T	NM_004656.4:c.1829G>A	NP_004647.1:p.Arg610Lys	BRCA1-binding	-0.0161266	Normal	BS3 Moderate	Likely benign	VCV003224444	2.0
BAP1	HGNC:950	ClinVar B/LB (control)	NC_000003.12:g.52403242T>C	NM_004656.4:c.1786A>G	NP_004647.1:p.Ser596Gly	BRCA1-binding	-0.006941212	Normal	BS3 Moderate	Benign	VCV000133664	2.0
BAP1	HGNC:950	ClinVar B/LB (control)	NC_000003.12:g.52405827T>G	NM_004656.4:c.869A>C	NP_004647.1:p.Asn290Thr	Other	-0.004662851	Normal	BS3 Moderate	Likely benign	VCV003477925	1.0
BAP1	HGNC:950	ClinVar B/LB (control)	NC_000003.12:g.52405279G>T	NM_004656.4:c.947C>A	NP_004647.1:p.Ala316Glu	Other	-0.003531516	Normal	BS3 Moderate	Likely benign	VCV002565171	1.0
BAP1	HGNC:950	ClinVar B/LB (control)	NC_000003.12:g.52404485C>G	NM_004656.4:c.1218G>C	NP_004647.1:p.Glu406Asp	Other	-0.002291955	Normal	BS3 Moderate	Likely benign	VCV001752271	1.0
BAP1	HGNC:950	ClinVar B/LB (control)	NC_000003.12:g.52403274G>A	NM_004656.4:c.1754C>T	NP_004647.1:p.Ser585Phe	Other	-0.002178472	Normal	BS3 Moderate	Likely benign	VCV003477483	1.0
BAP1	HGNC:950	ClinVar B/LB (control)	NC_000003.12:g.52403292C>T	NM_004656.4:c.1736G>A	NP_004647.1:p.Gly579Glu	Other	-0.001396397	Normal	BS3 Moderate	Benign	VCV002450425	1.0
BAP1	HGNC:950	ClinVar B/LB (control)	NC_000003.12:g.52403718A>G	NM_004656.4:c.1427T>C	NP_004647.1:p.Val476Ala	Other	-0.001344914	Normal	BS3 Moderate	Benign/Likely benign	VCV000240048	2.0
BAP1	HGNC:950	ClinVar B/LB (control)	NC_000003.12:g.52402827G>C	NM_004656.4:c.1935C>G	NP_004647.1:p.Asn645Lys	BRCA1-binding	-0.001304951	Normal	BS3 Moderate	Benign	VCV004194475	1.0
BAP1	HGNC:950	ClinVar B/LB (control)	NC_000003.12:g.52405812A>G	NM_004656.4:c.884T>C	NP_004647.1:p.Val295Ala	Other	-0.001008707	Normal	BS3 Moderate	Benign	VCV003477649	1.0
BAP1	HGNC:950	ClinVar B/LB (control)	NC_000003.12:g.52404549C>G	NM_004656.4:c.1154G>C	NP_004647.1:p.Arg385Pro	Other	-0.000825783	Normal	BS3 Moderate	Likely benign	VCV000818436	1.0
BAP1	HGNC:950	ClinVar B/LB (control)	NC_000003.12:g.52403235G>A	NM_004656.4:c.1793C>T	NP_004647.1:p.Pro598Leu	BRCA1-binding	0.00088785	Normal	BS3 Moderate	Benign	VCV003818386	1.0
BAP1	HGNC:950	ClinVar B/LB (control)	NC_000003.12:g.52408590T>C	NM_004656.4:c.139A>G	NP_004647.1:p.Ile47Val	UCH	0.001013078	Normal	BS3 Moderate	Benign	VCV001771715	1.0
BAP1	HGNC:950	ClinVar B/LB (control)	NC_000003.12:g.52403877G>T	NM_004656.4:c.1268C>A	NP_004647.1:p.Thr423Lys	Other	0.00183057	Normal	BS3 Moderate	Benign/Likely benign	VCV000240045	2.0
BAP1	HGNC:950	ClinVar B/LB (control)	NC_000003.12:g.52402828T>C	NM_004656.4:c.1934A>G	NP_004647.1:p.Asn645Ser	BRCA1-binding	0.00264733	Normal	BS3 Moderate	Likely benign	VCV003260366	1.0
BAP1	HGNC:950	ClinVar B/LB (control)	NC_000003.12:g.52403162C>G	NM_004656.4:c.1866G>C	NP_004647.1:p.Leu622Phe	BRCA1-binding	0.00346712	Normal	BS3 Moderate	Benign	VCV004620225	1.0
BAP1	HGNC:950	ClinVar B/LB (control)	NC_000003.12:g.52405795C>A	NM_004656.4:c.901G>T	NP_004647.1:p.Ala301Ser	Other	0.003951106	Normal	BS3 Moderate	Benign	VCV004620599	1.0
BAP1	HGNC:950	ClinVar B/LB (control)	NC_000003.12:g.52407418C>T	NM_004656.4:c.418G>A	NP_004647.1:p.Ala140Thr	UCH	0.004031712	Normal	BS3 Moderate	Likely benign	VCV004194127	1.0
BAP1	HGNC:950	ClinVar B/LB (control)	NC_000003.12:g.52405791G>A	NM_004656.4:c.905C>T	NP_004647.1:p.Pro302Leu	Other	0.004267261	Normal	BS3 Moderate	Benign/Likely benign	VCV000133661	2.0
BAP1	HGNC:950	ClinVar B/LB (control)	NC_000003.12:g.52405827T>C	NM_004656.4:c.869A>G	NP_004647.1:p.Asn290Ser	Other	0.004721404	Normal	BS3 Moderate	Benign/Likely benign	VCV000472716	2.0
BAP1	HGNC:950	ClinVar B/LB (control)	NC_000003.12:g.52408493T>C	NM_004656.4:c.236A>G	NP_004647.1:p.Asn79Ser	UCH	0.005327415	Normal	BS3 Moderate	Likely benign	VCV003224460	1.0
BAP1	HGNC:950	ClinVar B/LB (control)	NC_000003.12:g.52409555C>T	NM_004656.4:c.121G>A	NP_004647.1:p.Gly41Ser	UCH	0.006353349	Normal	BS3 Moderate	Benign/Likely benign	VCV000133667	2.0
BAP1	HGNC:950	ClinVar B/LB (control)	NC_000003.12:g.52404520A>C	NM_004656.4:c.1183T>G	NP_004647.1:p.Ser395Ala	Other	0.007492112	Normal	BS3 Moderate	Benign	VCV003986661	1.0
BAP1	HGNC:950	ClinVar B/LB (control)	NC_000003.12:g.52403190G>A	NM_004656.4:c.1838C>T	NP_004647.1:p.Thr613Met	BRCA1-binding	0.009098911	Normal	BS3 Moderate	Benign/Likely benign	VCV000133665	2.0
BAP1	HGNC:950	ClinVar B/LB (control)	NC_000003.12:g.52407990T>G	NM_004656.4:c.343A>C	NP_004647.1:p.Met115Leu	UCH	0.014080378	Normal	BS3 Moderate	Benign	VCV004620701	1.0
BAP1	HGNC:950	ClinVar B/LB (control)	NC_000003.12:g.52403646C>T	NM_004656.4:c.1499G>A	NP_004647.1:p.Gly500Asp	Other	0.01413131	Normal	BS3 Moderate	Likely benign	VCV004620450	1.0
BAP1	HGNC:950	ClinVar B/LB (control)	NC_000003.12:g.52409574G>C	NM_004656.4:c.102C>G	NP_004647.1:p.Asp34Glu	UCH	0.014214465	Normal	BS3 Moderate	Likely benign	VCV003986856	1.0
BAP1	HGNC:950	ClinVar B/LB (control)	NC_000003.12:g.52403799G>A	NM_004656.4:c.1346C>T	NP_004647.1:p.Ala449Val	Other	0.01632392	Normal	BS3 Moderate	Benign	VCV003477759	1.0
