Truth set	LR type	Estimand	Pathogenic in class (a)	Benign in class (b)	N pathogenic total	N benign total	Method	Point estimate	2.5% (or min)	97.5% (or max)	Evidence tier	N iterations	% in same tier
Clinical - All variants	Abnormal	LR (Haldane)	184	25	185	1171	log-Wald	46.59	31.607238	68.665631	PS3 Strong		N/A (analytic)
Clinical - All variants	Abnormal	LR (Haldane)	184	25	185	1171	Bootstrap	46.59	33.276293	73.1875	PS3 Strong	10000	100.0%
Clinical - All variants	Abnormal	LR (Haldane)	184	25	185	1171	LOO	46.59	46.547027	48.486486	PS3 Strong	1356	100.0%
Clinical - All variants	Abnormal	OddsPath (Tavtigian)	184	25	185	1171	log-Wald	44.59	30.483065	65.231844	PS3 Strong		N/A (analytic)
Clinical - All variants	Abnormal	OddsPath (Tavtigian)	184	25	185	1171	Bootstrap	44.59	32.030466	68.570525	PS3 Strong	10000	100.0%
Clinical - All variants	Abnormal	OddsPath (Tavtigian)	184	25	185	1171	LOO	44.59	44.554177	46.336344	PS3 Strong	1356	100.0%
Clinical - All variants	Abnormal	Bayesian	184	25	185	1171	Beta(0.5, 0.5)	46.12	32.078127	69.699714	PS3 Strong	20000	100.0%
Clinical - All variants	Abnormal	Bayesian	184	25	185	1171	Beta(1, 1)	45.13	31.364221	67.656888	PS3 Strong	20000	100.0%
Clinical - All variants	Normal	LR (Haldane)	1	1133	185	1171	log-Wald	0.0056	0.000791	0.039452	BS3 Strong		N/A (analytic)
Clinical - All variants	Normal	LR (Haldane)	1	1133	185	1171	Bootstrap	0.0056	0.002758	0.016894	BS3 Strong	10000	63.9%
Clinical - All variants	Normal	LR (Haldane)	1	1133	185	1171	LOO	0.0056	0.002795	0.005617	BS3 Strong	1356	99.9%
Clinical - All variants	Normal	OddsPath (Tavtigian)	1	1133	185	1171	log-Wald	0.0111	0.002803	0.044145	BS3 Strong		N/A (analytic)
Clinical - All variants	Normal	OddsPath (Tavtigian)	1	1133	185	1171	Bootstrap	0.0111	0.005518	0.022404	BS3 Strong	10000	100.0%
Clinical - All variants	Normal	OddsPath (Tavtigian)	1	1133	185	1171	LOO	0.0111	0.005591	0.011183	BS3 Strong	1356	100.0%
Clinical - All variants	Normal	Bayesian	1	1133	185	1171	Beta(0.5, 0.5)	0.0066	0.000592	0.025576	BS3 Strong	20000	79.4%
Clinical - All variants	Normal	Bayesian	1	1133	185	1171	Beta(1, 1)	0.0092	0.001381	0.029959	BS3 Strong	20000	90.5%
Clinical - Missense only	Abnormal	LR (Haldane)	21	0	21	28	log-Wald	56.68*	3.628814	885.366037	PS3 Strong		N/A (analytic)
Clinical - Missense only	Abnormal	LR (Haldane)	21	0	21	28	Bootstrap	56.68*	56.681818	56.681818	PS3 Strong	10000	100.0%
Clinical - Missense only	Abnormal	LR (Haldane)	21	0	21	28	LOO	56.68*	54.727273	56.619048	PS3 Strong	49	100.0%
Clinical - Missense only	Abnormal	OddsPath (Tavtigian)	21	0	21	28	log-Wald	27.68	4.025879	190.339321	PS3 Strong		N/A (analytic)
Clinical - Missense only	Abnormal	OddsPath (Tavtigian)	21	0	21	28	Bootstrap	27.68	27.681818	27.681818	PS3 Strong	10000	100.0%
Clinical - Missense only	Abnormal	OddsPath (Tavtigian)	21	0	21	28	LOO	27.68	26.727273	27.619048	PS3 Strong	49	100.0%
Clinical - Missense only	Abnormal	Bayesian	21	0	21	28	Beta(0.5, 0.5)	123	11.847054	58441.25818	PS3 Strong	20000	61.3%
Clinical - Missense only	Abnormal	Bayesian	21	0	21	28	Beta(1, 1)	40.33	8.103062	1115.859954	PS3 Strong	20000	71.0%
Clinical - Missense only	Normal	LR (Haldane)	0	28	21	28	log-Wald	0.0231*	0.001492	0.35835	BS3 Strong		N/A (analytic)
Clinical - Missense only	Normal	LR (Haldane)	0	28	21	28	Bootstrap	0.0231*	0.023126	0.023126	BS3 Strong	10000	100.0%
Clinical - Missense only	Normal	LR (Haldane)	0	28	21	28	LOO	0.0231*	0.02314	0.024227	BS3 Strong	49	100.0%
Clinical - Missense only	Normal	OddsPath (Tavtigian)	0	28	21	28	log-Wald	0.0471	0.006929	0.319878	BS3 Strong		N/A (analytic)
Clinical - Missense only	Normal	OddsPath (Tavtigian)	0	28	21	28	Bootstrap	0.0471	0.047078	0.047078	BS3 Strong	10000	100.0%
Clinical - Missense only	Normal	OddsPath (Tavtigian)	0	28	21	28	LOO	0.0471	0.047138	0.04932	BS3 Strong	49	100.0%
Clinical - Missense only	Normal	Bayesian	0	28	21	28	Beta(0.5, 0.5)	0.0109	2.6e-05	0.116456	BS3 Strong	20000	60.0%
Clinical - Missense only	Normal	Bayesian	0	28	21	28	Beta(1, 1)	0.0320	0.001243	0.161479	BS3 Strong	20000	62.7%
KURIS/NDD vs B/LB missense	Abnormal	LR (Haldane)	14	0	17	28	log-Wald	46.72*	2.965523	736.115067	PS3 Strong		N/A (analytic)
KURIS/NDD vs B/LB missense	Abnormal	LR (Haldane)	14	0	17	28	Bootstrap	46.72*	37.055556	56.388889	PS3 Strong	10000	100.0%
KURIS/NDD vs B/LB missense	Abnormal	LR (Haldane)	14	0	17	28	LOO	46.72*	45.111111	49.470588	PS3 Strong	45	100.0%
KURIS/NDD vs B/LB missense	Abnormal	OddsPath (Tavtigian)	14	0	17	28	log-Wald	22.56	3.236007	157.216294	PS3 Strong		N/A (analytic)
KURIS/NDD vs B/LB missense	Abnormal	OddsPath (Tavtigian)	14	0	17	28	Bootstrap	22.56	17.722222	27.388889	PS3 Strong	10000	93.4%
KURIS/NDD vs B/LB missense	Abnormal	OddsPath (Tavtigian)	14	0	17	28	LOO	22.56	21.777778	23.882353	PS3 Strong	45	100.0%
KURIS/NDD vs B/LB missense	Abnormal	Bayesian	14	0	17	28	Beta(0.5, 0.5)	101	9.133328	43199.205072	PS3 Strong	20000	59.9%
KURIS/NDD vs B/LB missense	Abnormal	Bayesian	14	0	17	28	Beta(1, 1)	33.83	6.440293	841.190793	PS3 Strong	20000	65.6%
KURIS/NDD vs B/LB missense	Normal	LR (Haldane)	3	28	17	28	log-Wald	0.1765	0.063197	0.492774	BS3 Moderate		N/A (analytic)
KURIS/NDD vs B/LB missense	Normal	LR (Haldane)	3	28	17	28	Bootstrap	0.1765	0.028265	0.352941	BS3 Moderate	10000	61.6%
KURIS/NDD vs B/LB missense	Normal	LR (Haldane)	3	28	17	28	LOO	0.1765	0.125	0.1875	BS3 Moderate	45	100.0%
KURIS/NDD vs B/LB missense	Normal	OddsPath (Tavtigian)	3	28	17	28	log-Wald	0.2302	0.096716	0.54772	BS3 Moderate		N/A (analytic)
KURIS/NDD vs B/LB missense	Normal	OddsPath (Tavtigian)	3	28	17	28	Bootstrap	0.2302	0.05754	0.402778	BS3 Moderate	10000	64.2%
KURIS/NDD vs B/LB missense	Normal	OddsPath (Tavtigian)	3	28	17	28	LOO	0.2302	0.182773	0.243697	BS3 Moderate	45	68.9%
KURIS/NDD vs B/LB missense	Normal	Bayesian	3	28	17	28	Beta(0.5, 0.5)	0.1869	0.053328	0.412897	BS3 Moderate	20000	64.6%
KURIS/NDD vs B/LB missense	Normal	Bayesian	3	28	17	28	Beta(1, 1)	0.2065	0.0662	0.430218	BS3 Moderate	20000	58.7%
