Clinical Feature	KURIS Cohort (n=11) from Küry et al. 2022	Present in UDN participant
Global developmental delay	11/11	Yes (including hypotonia)
Speech/language difficulty	11/11	Yes
Head abnormalities	10/11	Yes (short neck, excess nuchal fold, brachycephaly, midface hypoplasia)
Growth abnormalities	9/11	Yes (measurements taken at 2 years: HC <2nd percentile, weight 59th percentile, height 4th percentile)
Limb abnormalities	7/11	Yes (brachydactyly of fingers and toes, sandal gap, hallux varus)
Musculoskeletal abnormalities	7/11	No
Seizures	6/11	No
Eye abnormalities	5/10	Yes (bilateral microphthalmia, cataracts, iris dysgenesis, retinal detachments)
Ear abnormalities	4/11	Yes (bilateral high-frequency SNHL; low-set ears; overfolded upper helices)
Cardiac abnormalities	3/10	No
Behavioral disturbances/aggression	3/10	Not assessed
Attention deficits	3/10	Not assessed
Autism spectrum disorder	3/10	Not assessed
